	AAPL	COST	MSFT	NVDA	SPY	TSLA
AAPL	0.0036267315384481496	0.0010491144716675734	0.0003890739719990335	0.0009618014211511452	0.0008322135952150367	0.0032544978696365896
COST	0.0010491144716675734	0.004055108341782376	0.0010551014412564141	0.0028980926095554	0.001340103283954924	0.0017540720982951112
MSFT	0.0003890739719990335	0.0010551014412564141	0.004044449073223654	0.004913889746899861	0.0014877614948085446	0.0022169668451630232
NVDA	0.0009618014211511452	0.0028980926095554	0.004913889746899861	0.014522586941798447	0.0028395673476397394	-0.00038341678486700627
SPY	0.0008322135952150367	0.001340103283954924	0.0014877614948085446	0.0028395673476397394	0.0012923216312017223	0.002420864895261663
TSLA	0.0032544978696365896	0.0017540720982951112	0.0022169668451630232	-0.00038341678486700627	0.002420864895261663	0.026703445384803893
