asset	estimated_return
AAPL	0.015442019165458478
COST	0.025948588806506065
MSFT	0.023317934057042557
NVDA	0.06863616699388823
SPY	0.019666496937168067
TSLA	0.025312903732127173
