asset	estimated_return
AAPL	0.015442015352906817
COST	0.02594858848784836
MSFT	0.02331793482817715
NVDA	0.06863617039692782
SPY	0.019666495712052888
TSLA	0.025312903732127173
