	AAPL	COST	MSFT	NVDA	SPY	TSLA
AAPL	0.0036267319424538157	0.001049113353465009	0.00038907460112733936	0.0009618032257585905	0.0008322148587491965	0.0032545012943656876
COST	0.001049113353465009	0.004055107563945286	0.0010551003837984394	0.0028980927705496195	0.0013401020123637365	0.0017540673518877162
MSFT	0.00038907460112733936	0.0010551003837984394	0.004044450974310394	0.004913891553498796	0.0014877610033474764	0.002216968867911553
NVDA	0.0009618032257585905	0.0028980927705496195	0.004913891553498796	0.014522585347779948	0.0028395625952808393	-0.00038341686062965535
SPY	0.0008322148587491965	0.0013401020123637365	0.0014877610033474764	0.0028395625952808393	0.0012923191158212004	0.002420867536725925
TSLA	0.0032545012943656876	0.0017540673518877162	0.002216968867911553	-0.00038341686062965535	0.002420867536725925	0.026703445384803893
