asset	allocation
AAPL	0.141369514352568
COST	3.88288979423894e-18
MSFT	0.0
NVDA	0.0
SPY	0.8586304856474319
TSLA	2.2247532022155572e-17
