asset	allocation
AAPL	0.14137047440604028
COST	0.0
MSFT	1.2789260899351729e-16
NVDA	0.0
SPY	0.8586295255939597
TSLA	0.0
